task_id,task_type,priority,time_received,response_time_minutes,resolution_time_minutes,assistant_assigned,status,customer_rating
T80156,Scheduling,High,2025-01-01 00:00:00,221,266,Assistant C,Completed,4
T97316,Scheduling,Medium,2025-01-01 09:00:00,202,411,Assistant C,Completed,3
T69942,Admin Task,Medium,2025-01-01 12:00:00,165,413,Assistant C,Completed,4
T11855,Customer Complaint,Low,2025-01-01 13:00:00,16,595,Assistant C,Pending,4
T12681,Customer Complaint,High,2025-01-01 14:00:00,150,431,Assistant A,Pending,3
T71250,Admin Task,Low,2025-01-01 16:00:00,81,121,Assistant C,Completed,3
T98472,Admin Task,Low,2025-01-01 21:00:00,143,110,Assistant B,In Progress,2
T43425,Customer Complaint,Medium,2025-01-01 23:00:00,175,513,Assistant A,In Progress,2
T50916,Scheduling,High,2025-01-02 04:00:00,178,499,Assistant B,Completed,5
T39040,Email Support,Low,2025-01-02 05:00:00,209,69,Assistant A,In Progress,5
T44032,Scheduling,High,2025-01-02 10:00:00,193,68,Assistant B,In Progress,4
T31732,Scheduling,High,2025-01-02 11:00:00,127,382,Assistant B,Completed,5
T83267,Scheduling,High,2025-01-02 23:00:00,210,276,Assistant A,In Progress,3
T89800,Customer Complaint,Medium,2025-01-03 00:00:00,9,168,Assistant A,Pending,4
T57451,Admin Task,High,2025-01-03 07:00:00,66,314,Assistant A,Pending,3
T23296,Scheduling,Low,2025-01-03 09:00:00,106,149,Assistant C,Completed,2
T52818,Email Support,Medium,2025-01-03 10:00:00,172,454,Assistant C,Pending,1
T67027,Data Entry,Medium,2025-01-03 12:00:00,97,170,Assistant B,Pending,3
T32268,Scheduling,High,2025-01-03 21:00:00,201,386,Assistant C,Pending,4
T92905,Email Support,Medium,2025-01-03 22:00:00,40,416,Assistant B,In Progress,1
T57820,Data Entry,Medium,2025-01-04 02:00:00,34,362,Assistant C,Completed,4
T11554,Email Support,Low,2025-01-04 07:00:00,69,18,Assistant A,Completed,3
T64338,Data Entry,High,2025-01-04 11:00:00,237,461,Assistant B,Completed,2
T21937,Data Entry,Low,2025-01-04 12:00:00,34,554,Assistant C,Completed,3
T54457,Scheduling,Medium,2025-01-04 13:00:00,133,445,Assistant A,Pending,1
T64837,Admin Task,Medium,2025-01-04 14:00:00,83,596,Assistant A,Pending,1
T17115,Customer Complaint,Low,2025-01-04 15:00:00,44,121,Assistant A,In Progress,5
T86775,Data Entry,Low,2025-01-04 17:00:00,199,431,Assistant C,In Progress,4
T23453,Admin Task,High,2025-01-04 20:00:00,62,213,Assistant B,Completed,3
T94889,Scheduling,Low,2025-01-04 22:00:00,100,468,Assistant B,Pending,5
T58922,Data Entry,Low,2025-01-04 23:00:00,152,473,Assistant C,Pending,4
T29626,Email Support,High,2025-01-05 02:00:00,26,55,Assistant C,Pending,3
T99599,Admin Task,Low,2025-01-05 04:00:00,39,118,Assistant C,Completed,4
T72317,Data Entry,High,2025-01-05 05:00:00,110,500,Assistant B,Completed,4
T69321,Data Entry,Medium,2025-01-05 10:00:00,124,88,Assistant C,In Progress,2
T51286,Scheduling,High,2025-01-05 11:00:00,76,48,Assistant B,Pending,5
T55197,Email Support,Medium,2025-01-05 12:00:00,113,497,Assistant B,In Progress,4
T62101,Email Support,Low,2025-01-05 15:00:00,88,148,Assistant C,Pending,1
T95139,Admin Task,Medium,2025-01-05 20:00:00,14,192,Assistant A,In Progress,5
T86583,Data Entry,Medium,2025-01-06 01:00:00,186,108,Assistant B,Completed,1
T38175,Email Support,Medium,2025-01-06 06:00:00,39,533,Assistant A,Pending,4
T72151,Data Entry,High,2025-01-06 11:00:00,49,85,Assistant B,Pending,3
T36226,Scheduling,Low,2025-01-06 15:00:00,40,401,Assistant A,In Progress,4
T86297,Scheduling,High,2025-01-06 18:00:00,64,249,Assistant B,Pending,4
T95482,Scheduling,Medium,2025-01-06 19:00:00,117,125,Assistant C,Pending,2
T47705,Data Entry,Medium,2025-01-06 23:00:00,222,394,Assistant A,In Progress,5
T41233,Scheduling,Medium,2025-01-07 07:00:00,27,203,Assistant C,Completed,2
T32665,Customer Complaint,Medium,2025-01-07 13:00:00,137,22,Assistant C,Completed,3
T22945,Admin Task,Low,2025-01-07 15:00:00,151,207,Assistant B,In Progress,1
T17895,Data Entry,High,2025-01-07 17:00:00,198,360,Assistant B,In Progress,4
T65831,Data Entry,Low,2025-01-07 19:00:00,165,530,Assistant A,In Progress,2
T36773,Customer Complaint,Low,2025-01-07 20:00:00,11,139,Assistant A,Completed,5
T87891,Admin Task,High,2025-01-07 22:00:00,225,113,Assistant A,Completed,5
T17214,Admin Task,Low,2025-01-07 23:00:00,121,554,Assistant A,Completed,4
T85856,Admin Task,High,2025-01-08 02:00:00,15,411,Assistant B,Completed,4
T83275,Email Support,Medium,2025-01-08 03:00:00,96,143,Assistant C,Pending,2
T66638,Customer Complaint,Medium,2025-01-08 08:00:00,196,355,Assistant C,Pending,3
T84648,Customer Complaint,High,2025-01-08 09:00:00,55,459,Assistant B,Completed,4
T82091,Data Entry,Low,2025-01-08 10:00:00,196,154,Assistant C,Completed,5
T64847,Data Entry,Low,2025-01-08 16:00:00,164,116,Assistant C,Pending,1
T39771,Email Support,High,2025-01-08 17:00:00,79,274,Assistant B,Pending,1
T22334,Data Entry,Low,2025-01-08 22:00:00,221,515,Assistant B,Pending,5
T33299,Admin Task,Medium,2025-01-09 00:00:00,45,75,Assistant A,Pending,2
T66351,Email Support,High,2025-01-09 06:00:00,87,147,Assistant A,In Progress,3
T84083,Data Entry,High,2025-01-09 08:00:00,51,408,Assistant C,Pending,2
T21793,Data Entry,High,2025-01-09 09:00:00,126,116,Assistant B,Completed,3
T35694,Scheduling,Medium,2025-01-09 12:00:00,128,384,Assistant C,Completed,1
T48266,Data Entry,Low,2025-01-09 13:00:00,117,536,Assistant B,Completed,2
T61950,Data Entry,Medium,2025-01-09 14:00:00,146,218,Assistant B,Completed,5
T47457,Admin Task,Medium,2025-01-09 19:00:00,42,263,Assistant C,Pending,5
T87368,Scheduling,High,2025-01-09 20:00:00,231,109,Assistant A,In Progress,4
T80435,Data Entry,Medium,2025-01-09 21:00:00,153,562,Assistant B,Completed,1
T37116,Data Entry,High,2025-01-09 22:00:00,34,189,Assistant B,Pending,4
T28148,Scheduling,Low,2025-01-10 06:00:00,55,38,Assistant C,In Progress,1
T74995,Data Entry,High,2025-01-10 07:00:00,36,141,Assistant A,Pending,4
T40340,Customer Complaint,Low,2025-01-10 08:00:00,126,505,Assistant B,In Progress,1
T10259,Scheduling,Medium,2025-01-10 09:00:00,150,64,Assistant A,Completed,4
T26157,Data Entry,Medium,2025-01-10 12:00:00,171,524,Assistant A,Pending,3
T75710,Scheduling,Medium,2025-01-10 21:00:00,157,61,Assistant A,Completed,4
T76182,Email Support,Medium,2025-01-11 01:00:00,165,411,Assistant C,Completed,1
T41455,Admin Task,High,2025-01-11 02:00:00,163,536,Assistant C,Pending,4
T81404,Admin Task,High,2025-01-11 07:00:00,51,259,Assistant B,Pending,2
T94785,Email Support,High,2025-01-11 11:00:00,134,216,Assistant B,Pending,3
T61881,Scheduling,Low,2025-01-11 12:00:00,109,499,Assistant A,Pending,4
T50691,Scheduling,High,2025-01-11 13:00:00,117,209,Assistant B,Pending,1
T59865,Email Support,Low,2025-01-11 19:00:00,161,483,Assistant C,In Progress,4
T67274,Scheduling,Medium,2025-01-11 21:00:00,29,526,Assistant C,Pending,4
T15245,Data Entry,Medium,2025-01-12 04:00:00,22,457,Assistant B,Pending,2
T93249,Data Entry,Low,2025-01-12 06:00:00,130,372,Assistant A,Pending,3
T96989,Scheduling,Low,2025-01-12 07:00:00,36,434,Assistant A,Pending,4
T67183,Admin Task,Low,2025-01-12 08:00:00,66,86,Assistant A,Completed,3
T29563,Email Support,Low,2025-01-12 09:00:00,25,387,Assistant C,In Progress,5
T54984,Data Entry,Medium,2025-01-12 11:00:00,199,535,Assistant A,Pending,4
T51741,Admin Task,Medium,2025-01-12 13:00:00,171,304,Assistant C,Completed,2
T59253,Email Support,Low,2025-01-12 20:00:00,73,430,Assistant B,Completed,1
T50244,Data Entry,High,2025-01-13 00:00:00,6,172,Assistant B,Pending,4
T90032,Customer Complaint,High,2025-01-13 08:00:00,150,324,Assistant C,Completed,5
T27043,Data Entry,Low,2025-01-13 11:00:00,52,87,Assistant C,Pending,5
T56167,Admin Task,High,2025-01-13 15:00:00,184,332,Assistant C,Pending,1
T22429,Scheduling,Low,2025-01-13 16:00:00,134,203,Assistant B,Pending,2
T10727,Data Entry,Medium,2025-01-13 23:00:00,39,459,Assistant B,In Progress,1
T17601,Data Entry,Medium,2025-01-14 01:00:00,54,220,Assistant C,In Progress,1
T50755,Email Support,High,2025-01-14 02:00:00,91,123,Assistant C,Completed,5
T39057,Email Support,Low,2025-01-14 04:00:00,237,342,Assistant A,Pending,1
T89947,Customer Complaint,High,2025-01-14 06:00:00,194,374,Assistant A,In Progress,4
T58797,Customer Complaint,Low,2025-01-14 08:00:00,197,282,Assistant A,Pending,3
T18792,Email Support,Low,2025-01-14 14:00:00,45,385,Assistant C,Pending,4
T59201,Customer Complaint,Medium,2025-01-14 16:00:00,136,348,Assistant A,Pending,3
T39492,Scheduling,Low,2025-01-14 21:00:00,212,219,Assistant A,In Progress,5
T80247,Data Entry,Low,2025-01-14 22:00:00,59,413,Assistant A,In Progress,2
T64531,Scheduling,Medium,2025-01-14 23:00:00,218,56,Assistant B,In Progress,5
T51961,Customer Complaint,Low,2025-01-15 00:00:00,155,312,Assistant C,In Progress,2
T20016,Admin Task,Low,2025-01-15 06:00:00,22,344,Assistant B,In Progress,4
T10845,Customer Complaint,Medium,2025-01-15 09:00:00,143,234,Assistant A,Pending,5
T26136,Customer Complaint,High,2025-01-15 15:00:00,131,368,Assistant B,In Progress,4
T84428,Data Entry,High,2025-01-15 18:00:00,52,222,Assistant A,In Progress,1
T81871,Email Support,Low,2025-01-15 21:00:00,235,223,Assistant A,Completed,4
T24182,Customer Complaint,Low,2025-01-16 01:00:00,197,219,Assistant A,Completed,5
T71667,Admin Task,High,2025-01-16 02:00:00,172,516,Assistant B,In Progress,5
T44126,Data Entry,Medium,2025-01-16 03:00:00,87,245,Assistant A,Completed,4
T82479,Admin Task,High,2025-01-16 14:00:00,148,182,Assistant C,Pending,4
T26751,Customer Complaint,High,2025-01-16 20:00:00,89,381,Assistant A,Pending,2
T70633,Email Support,Medium,2025-01-17 01:00:00,53,198,Assistant A,Pending,3
T17619,Email Support,Low,2025-01-17 04:00:00,225,321,Assistant C,In Progress,2
T72521,Admin Task,Medium,2025-01-17 05:00:00,114,151,Assistant A,Completed,4
T10378,Admin Task,Medium,2025-01-17 10:00:00,158,490,Assistant C,In Progress,2
T50909,Data Entry,High,2025-01-17 11:00:00,113,50,Assistant C,Pending,4
T60851,Data Entry,Low,2025-01-17 15:00:00,37,473,Assistant A,Pending,2
T99535,Customer Complaint,High,2025-01-17 16:00:00,172,137,Assistant A,Completed,3
T73604,Data Entry,High,2025-01-17 18:00:00,118,180,Assistant B,Completed,4
T61167,Email Support,High,2025-01-17 22:00:00,230,19,Assistant C,Completed,5
T42880,Scheduling,High,2025-01-17 23:00:00,158,25,Assistant C,In Progress,3
T52066,Data Entry,Low,2025-01-18 03:00:00,20,406,Assistant C,In Progress,5
T85610,Data Entry,Medium,2025-01-18 04:00:00,18,447,Assistant B,In Progress,2
T88430,Data Entry,Low,2025-01-18 08:00:00,66,289,Assistant B,Completed,5
T99583,Scheduling,Low,2025-01-18 11:00:00,80,209,Assistant B,In Progress,2
T11315,Admin Task,Medium,2025-01-18 12:00:00,30,172,Assistant B,Completed,4
T19904,Email Support,Medium,2025-01-18 13:00:00,199,495,Assistant B,In Progress,4
T98726,Customer Complaint,High,2025-01-18 17:00:00,200,545,Assistant B,Completed,4
T82397,Scheduling,High,2025-01-18 21:00:00,159,528,Assistant C,Pending,3
T79933,Scheduling,Medium,2025-01-18 22:00:00,98,231,Assistant A,Completed,1
T82094,Data Entry,Medium,2025-01-19 01:00:00,57,293,Assistant A,In Progress,5
T61093,Data Entry,Low,2025-01-19 03:00:00,75,12,Assistant A,In Progress,1
T26004,Customer Complaint,Medium,2025-01-19 08:00:00,200,152,Assistant A,Pending,3
T18050,Email Support,High,2025-01-19 09:00:00,34,420,Assistant B,Completed,5
T62353,Scheduling,Medium,2025-01-19 11:00:00,190,319,Assistant B,In Progress,3
T57065,Admin Task,High,2025-01-19 13:00:00,74,122,Assistant C,Completed,5
T71863,Email Support,Low,2025-01-19 18:00:00,234,241,Assistant C,In Progress,5
T81336,Scheduling,Low,2025-01-19 23:00:00,137,273,Assistant A,Completed,5
T16565,Customer Complaint,Medium,2025-01-20 02:00:00,209,252,Assistant A,Completed,2
T48169,Scheduling,High,2025-01-20 03:00:00,16,469,Assistant A,Pending,3
T94455,Admin Task,High,2025-01-20 04:00:00,19,245,Assistant A,In Progress,5
T50203,Data Entry,Medium,2025-01-20 05:00:00,80,585,Assistant C,Completed,5
T92105,Scheduling,High,2025-01-20 11:00:00,86,517,Assistant A,Pending,4
T70296,Scheduling,Medium,2025-01-20 13:00:00,45,438,Assistant A,Completed,3
T94864,Data Entry,Medium,2025-01-20 14:00:00,204,476,Assistant B,In Progress,4
T75342,Email Support,High,2025-01-20 21:00:00,79,256,Assistant C,In Progress,5
T81918,Email Support,Low,2025-01-21 05:00:00,67,305,Assistant C,In Progress,3
T22644,Scheduling,Medium,2025-01-21 08:00:00,5,385,Assistant A,In Progress,4
T57222,Admin Task,Low,2025-01-21 10:00:00,118,389,Assistant B,Completed,2
T28153,Customer Complaint,Medium,2025-01-21 11:00:00,234,277,Assistant B,Pending,5
T27574,Admin Task,Medium,2025-01-21 14:00:00,49,168,Assistant C,In Progress,4
T48344,Customer Complaint,High,2025-01-21 18:00:00,205,48,Assistant A,Completed,5
T99650,Data Entry,Low,2025-01-21 19:00:00,232,79,Assistant C,Pending,4
T46492,Admin Task,High,2025-01-21 21:00:00,225,382,Assistant A,Completed,4
T10453,Email Support,High,2025-01-21 22:00:00,102,210,Assistant A,Pending,5
T90680,Scheduling,High,2025-01-22 03:00:00,72,459,Assistant A,In Progress,3
T19565,Data Entry,Medium,2025-01-22 06:00:00,237,475,Assistant B,Completed,5
T12722,Scheduling,High,2025-01-22 10:00:00,206,73,Assistant A,Completed,5
T24065,Customer Complaint,Low,2025-01-22 12:00:00,132,162,Assistant B,Pending,2
T76139,Email Support,Low,2025-01-22 13:00:00,15,128,Assistant C,In Progress,4
T20413,Customer Complaint,High,2025-01-22 14:00:00,210,85,Assistant B,In Progress,2
T72227,Email Support,Low,2025-01-22 15:00:00,10,44,Assistant C,In Progress,3
T46401,Email Support,Low,2025-01-22 16:00:00,234,58,Assistant C,Pending,1
T64902,Email Support,Low,2025-01-22 17:00:00,181,21,Assistant B,Pending,2
T37047,Email Support,Medium,2025-01-22 21:00:00,235,548,Assistant A,Pending,4
T58159,Email Support,Medium,2025-01-22 23:00:00,231,365,Assistant C,Completed,5
T18074,Admin Task,Medium,2025-01-23 00:00:00,189,285,Assistant C,Pending,4
T26940,Scheduling,High,2025-01-23 03:00:00,205,489,Assistant B,In Progress,4
T97349,Customer Complaint,Medium,2025-01-23 06:00:00,8,102,Assistant C,In Progress,5
T89004,Customer Complaint,Medium,2025-01-23 10:00:00,34,83,Assistant C,Completed,4
T54468,Scheduling,Medium,2025-01-23 11:00:00,114,298,Assistant A,Pending,3
T38410,Customer Complaint,High,2025-01-23 14:00:00,129,477,Assistant C,In Progress,3
T99230,Admin Task,High,2025-01-23 17:00:00,168,303,Assistant A,In Progress,1
T67179,Admin Task,Low,2025-01-23 21:00:00,86,556,Assistant C,In Progress,1
T64730,Admin Task,Low,2025-01-24 01:00:00,64,315,Assistant C,Completed,3
T60831,Scheduling,High,2025-01-24 04:00:00,172,445,Assistant B,Completed,3
T31742,Customer Complaint,Low,2025-01-24 07:00:00,157,44,Assistant C,Completed,3
T23383,Data Entry,Medium,2025-01-24 09:00:00,15,501,Assistant C,Completed,3
T56576,Email Support,High,2025-01-24 10:00:00,119,193,Assistant A,In Progress,3
T18693,Scheduling,Medium,2025-01-24 12:00:00,123,260,Assistant A,Pending,5
T79226,Email Support,Medium,2025-01-24 13:00:00,140,243,Assistant C,Pending,1
T16769,Scheduling,Low,2025-01-24 14:00:00,123,297,Assistant B,Completed,3
T40735,Customer Complaint,High,2025-01-24 16:00:00,84,55,Assistant C,Completed,5
T82457,Admin Task,Low,2025-01-24 17:00:00,133,281,Assistant B,Pending,3
T50057,Data Entry,Medium,2025-01-24 19:00:00,40,191,Assistant A,Completed,1
T32292,Customer Complaint,High,2025-01-24 20:00:00,44,201,Assistant C,In Progress,5
T83202,Data Entry,Medium,2025-01-25 00:00:00,160,214,Assistant C,Pending,2
T44841,Email Support,Low,2025-01-25 05:00:00,48,107,Assistant C,In Progress,2
T14742,Customer Complaint,Medium,2025-01-25 11:00:00,191,518,Assistant A,In Progress,5
T31460,Email Support,High,2025-01-25 12:00:00,144,599,Assistant A,Completed,3
T95095,Scheduling,Low,2025-01-25 13:00:00,55,327,Assistant B,Completed,2
T66788,Admin Task,Medium,2025-01-25 15:00:00,66,280,Assistant A,In Progress,3
T47180,Customer Complaint,High,2025-01-25 17:00:00,70,343,Assistant B,Pending,4
T60285,Email Support,Medium,2025-01-25 19:00:00,168,428,Assistant B,Pending,1
T28828,Email Support,Medium,2025-01-25 20:00:00,60,65,Assistant C,Pending,3
T44437,Customer Complaint,High,2025-01-25 22:00:00,20,570,Assistant A,Pending,3
T68111,Data Entry,Low,2025-01-26 12:00:00,75,286,Assistant C,In Progress,3
T69374,Scheduling,High,2025-01-26 15:00:00,141,512,Assistant C,Completed,5
T79775,Customer Complaint,Low,2025-01-26 21:00:00,107,535,Assistant A,In Progress,3
T19830,Email Support,Low,2025-01-26 22:00:00,152,487,Assistant B,Pending,1
T35866,Customer Complaint,High,2025-01-27 02:00:00,178,190,Assistant C,Pending,2
T88685,Data Entry,Medium,2025-01-27 03:00:00,239,523,Assistant A,In Progress,2
T94947,Admin Task,High,2025-01-27 10:00:00,91,227,Assistant A,Pending,4
T22507,Admin Task,High,2025-01-27 16:00:00,190,473,Assistant C,In Progress,2
T58499,Email Support,Medium,2025-01-27 18:00:00,100,207,Assistant B,Completed,2
T56297,Scheduling,High,2025-01-27 20:00:00,96,273,Assistant C,Completed,2
T23408,Admin Task,Medium,2025-01-27 22:00:00,23,315,Assistant A,Completed,2
T67489,Data Entry,High,2025-01-28 01:00:00,105,332,Assistant A,Pending,1
T86708,Scheduling,High,2025-01-28 03:00:00,221,185,Assistant B,Pending,5
T53748,Customer Complaint,Low,2025-01-28 08:00:00,215,368,Assistant B,In Progress,4
T66040,Scheduling,Medium,2025-01-28 11:00:00,193,304,Assistant A,In Progress,5
T44235,Data Entry,Low,2025-01-28 12:00:00,215,401,Assistant A,Completed,1
T49651,Admin Task,High,2025-01-28 15:00:00,173,244,Assistant B,Completed,1
T43129,Customer Complaint,Medium,2025-01-28 16:00:00,162,195,Assistant A,Completed,1
T24437,Data Entry,Medium,2025-01-29 01:00:00,197,430,Assistant A,In Progress,1
T92434,Customer Complaint,High,2025-01-29 02:00:00,171,341,Assistant C,In Progress,4
T81780,Email Support,High,2025-01-29 06:00:00,73,202,Assistant A,Completed,1
T75011,Email Support,Medium,2025-01-29 08:00:00,50,247,Assistant B,Pending,4
T93712,Data Entry,High,2025-01-29 10:00:00,41,94,Assistant B,Pending,3
T64595,Admin Task,High,2025-01-29 13:00:00,81,270,Assistant B,Completed,5
T98482,Data Entry,Medium,2025-01-29 14:00:00,58,191,Assistant A,Completed,5
T72510,Customer Complaint,Medium,2025-01-29 16:00:00,102,84,Assistant B,In Progress,1
T96009,Scheduling,Medium,2025-01-29 18:00:00,163,144,Assistant B,In Progress,4
T89608,Admin Task,Medium,2025-01-29 20:00:00,176,364,Assistant B,Completed,2
T16942,Admin Task,Medium,2025-01-29 21:00:00,68,233,Assistant B,Pending,5
T77759,Admin Task,Medium,2025-01-29 22:00:00,38,376,Assistant C,In Progress,3
T24995,Email Support,High,2025-01-29 23:00:00,185,302,Assistant A,Pending,5
T84931,Data Entry,High,2025-01-30 05:00:00,76,486,Assistant A,Pending,5
T44826,Admin Task,High,2025-01-30 10:00:00,90,51,Assistant B,In Progress,3
T61445,Data Entry,Low,2025-01-30 11:00:00,42,295,Assistant B,In Progress,5
T28734,Admin Task,High,2025-01-30 16:00:00,154,542,Assistant C,Completed,1
T75732,Admin Task,Low,2025-01-30 17:00:00,133,313,Assistant A,Pending,1
T86985,Admin Task,Low,2025-01-30 18:00:00,205,515,Assistant C,In Progress,2
T34780,Data Entry,High,2025-01-31 04:00:00,217,405,Assistant B,In Progress,2
T11443,Customer Complaint,Medium,2025-01-31 05:00:00,104,537,Assistant A,Completed,5
T21004,Email Support,Low,2025-01-31 06:00:00,5,318,Assistant A,Pending,2
T78505,Data Entry,Medium,2025-01-31 07:00:00,81,384,Assistant B,Pending,1
T69190,Email Support,Medium,2025-01-31 13:00:00,151,318,Assistant A,Completed,1
T23678,Admin Task,Low,2025-01-31 14:00:00,81,198,Assistant C,Pending,4
T23864,Scheduling,High,2025-01-31 15:00:00,229,191,Assistant A,Completed,4
T47495,Scheduling,Medium,2025-01-31 16:00:00,30,338,Assistant B,Completed,2
T66128,Scheduling,Medium,2025-01-31 20:00:00,77,24,Assistant C,In Progress,4
T13818,Scheduling,Low,2025-02-01 01:00:00,211,112,Assistant B,Completed,3
T86238,Customer Complaint,Low,2025-02-01 05:00:00,91,562,Assistant C,Completed,1
T62909,Email Support,High,2025-02-01 06:00:00,10,426,Assistant B,Pending,1
T10094,Customer Complaint,Low,2025-02-01 16:00:00,65,71,Assistant A,Completed,4
T45247,Data Entry,Low,2025-02-02 00:00:00,50,426,Assistant C,Completed,3
T83754,Customer Complaint,Low,2025-02-02 04:00:00,44,458,Assistant C,Completed,2
T35906,Email Support,High,2025-02-02 07:00:00,62,477,Assistant B,Completed,1
T35760,Scheduling,Low,2025-02-02 10:00:00,137,238,Assistant A,Completed,3
T72322,Email Support,Medium,2025-02-02 17:00:00,47,40,Assistant A,Pending,1
T78465,Email Support,High,2025-02-02 19:00:00,7,548,Assistant A,Pending,3
T66004,Email Support,High,2025-02-02 20:00:00,211,364,Assistant C,In Progress,3
T99172,Admin Task,Low,2025-02-03 01:00:00,166,463,Assistant C,Completed,3
T15947,Customer Complaint,High,2025-02-03 10:00:00,169,183,Assistant B,Completed,2
T52775,Scheduling,High,2025-02-03 12:00:00,194,490,Assistant B,Pending,3
T98799,Email Support,Medium,2025-02-03 20:00:00,140,302,Assistant C,Pending,5
T88296,Customer Complaint,Low,2025-02-04 11:00:00,9,56,Assistant B,Pending,5
T83920,Data Entry,Low,2025-02-04 14:00:00,182,519,Assistant A,In Progress,5
T83064,Data Entry,High,2025-02-04 15:00:00,218,371,Assistant C,In Progress,2
T30957,Admin Task,Medium,2025-02-04 20:00:00,21,500,Assistant B,Completed,3
T64836,Data Entry,High,2025-02-04 21:00:00,41,257,Assistant A,In Progress,4
T76816,Data Entry,High,2025-02-04 23:00:00,140,354,Assistant B,Pending,1
T27176,Data Entry,Medium,2025-02-05 00:00:00,108,359,Assistant A,In Progress,4
T37204,Scheduling,Low,2025-02-05 03:00:00,144,374,Assistant A,Pending,4
T30507,Data Entry,Medium,2025-02-05 04:00:00,227,572,Assistant B,In Progress,2
T20954,Data Entry,Medium,2025-02-05 07:00:00,99,253,Assistant A,Pending,2
T65411,Scheduling,Low,2025-02-05 10:00:00,143,198,Assistant A,Pending,1
T10063,Customer Complaint,High,2025-02-05 16:00:00,40,538,Assistant B,In Progress,5
T96069,Data Entry,Low,2025-02-05 18:00:00,64,144,Assistant C,Pending,2
T25922,Admin Task,Medium,2025-02-06 03:00:00,9,294,Assistant C,Completed,1
T46521,Admin Task,Medium,2025-02-06 04:00:00,88,567,Assistant A,Pending,5
T73052,Scheduling,Medium,2025-02-06 05:00:00,112,244,Assistant A,Pending,1
T12783,Customer Complaint,High,2025-02-06 08:00:00,150,282,Assistant A,Pending,4
T37994,Data Entry,Medium,2025-02-06 13:00:00,140,321,Assistant C,In Progress,2
T20946,Email Support,High,2025-02-06 16:00:00,116,38,Assistant C,Completed,5
T74961,Admin Task,Medium,2025-02-06 18:00:00,142,467,Assistant A,In Progress,2
T23575,Email Support,Medium,2025-02-06 19:00:00,55,206,Assistant B,Completed,3
T10501,Scheduling,High,2025-02-06 23:00:00,38,80,Assistant C,Pending,3
T73372,Data Entry,Low,2025-02-07 01:00:00,228,40,Assistant C,Completed,3
T63338,Email Support,High,2025-02-07 03:00:00,10,205,Assistant B,Completed,4
T98185,Admin Task,Medium,2025-02-07 04:00:00,204,136,Assistant A,Completed,4
T29624,Email Support,Medium,2025-02-07 05:00:00,205,432,Assistant B,In Progress,5
T65903,Data Entry,Medium,2025-02-07 09:00:00,54,598,Assistant A,Pending,5
T80068,Admin Task,High,2025-02-07 11:00:00,78,186,Assistant A,Completed,1
T67005,Customer Complaint,High,2025-02-07 14:00:00,181,411,Assistant A,Pending,1
T94671,Admin Task,High,2025-02-07 18:00:00,179,260,Assistant B,In Progress,1
T38222,Email Support,Medium,2025-02-07 20:00:00,187,548,Assistant A,Pending,5
T11899,Customer Complaint,High,2025-02-07 21:00:00,212,399,Assistant B,Completed,1
T85379,Email Support,Medium,2025-02-07 23:00:00,181,320,Assistant B,In Progress,4
T67710,Admin Task,High,2025-02-08 02:00:00,73,588,Assistant B,In Progress,4
T84239,Customer Complaint,Low,2025-02-08 03:00:00,209,531,Assistant C,Completed,3
T43633,Data Entry,High,2025-02-08 07:00:00,228,311,Assistant B,In Progress,5
T20778,Scheduling,Low,2025-02-08 10:00:00,102,28,Assistant A,Completed,2
T26929,Admin Task,High,2025-02-08 11:00:00,28,572,Assistant C,Pending,3
T10352,Customer Complaint,Low,2025-02-08 12:00:00,66,518,Assistant C,In Progress,3
T16269,Email Support,Medium,2025-02-08 13:00:00,176,292,Assistant B,In Progress,4
T65157,Data Entry,High,2025-02-08 18:00:00,19,91,Assistant B,In Progress,3
T52172,Admin Task,High,2025-02-08 20:00:00,58,274,Assistant C,In Progress,3
T77760,Customer Complaint,High,2025-02-08 21:00:00,179,318,Assistant B,Completed,2
T43634,Admin Task,High,2025-02-09 04:00:00,125,65,Assistant C,In Progress,3
T10871,Scheduling,Low,2025-02-09 11:00:00,141,267,Assistant B,In Progress,3
T97458,Scheduling,Medium,2025-02-09 12:00:00,119,305,Assistant C,Completed,1
T58093,Admin Task,Medium,2025-02-09 14:00:00,59,480,Assistant C,In Progress,5
T70897,Customer Complaint,Low,2025-02-09 15:00:00,47,449,Assistant B,Pending,5
T71479,Scheduling,Low,2025-02-09 16:00:00,5,487,Assistant B,Completed,1
T25603,Data Entry,Low,2025-02-09 17:00:00,218,35,Assistant B,Completed,4
T67795,Data Entry,Medium,2025-02-09 22:00:00,219,547,Assistant B,In Progress,4
T10262,Scheduling,Medium,2025-02-09 23:00:00,22,437,Assistant B,Pending,4
T53472,Scheduling,Low,2025-02-10 00:00:00,235,358,Assistant B,Completed,2
T77355,Email Support,Medium,2025-02-10 01:00:00,200,204,Assistant A,Pending,3
T23109,Email Support,High,2025-02-10 04:00:00,23,99,Assistant C,In Progress,3
T80101,Scheduling,Medium,2025-02-10 06:00:00,232,334,Assistant A,Completed,3
T72644,Data Entry,High,2025-02-10 13:00:00,88,276,Assistant C,Pending,5
T38519,Customer Complaint,Low,2025-02-10 14:00:00,152,42,Assistant C,Completed,2
T83051,Customer Complaint,Medium,2025-02-10 17:00:00,76,37,Assistant A,Completed,1
T52750,Email Support,Medium,2025-02-10 21:00:00,114,106,Assistant A,Completed,2
T71038,Customer Complaint,Low,2025-02-11 03:00:00,52,457,Assistant C,Pending,4
T81865,Scheduling,High,2025-02-11 09:00:00,71,258,Assistant A,Completed,4
T23642,Data Entry,High,2025-02-11 10:00:00,174,82,Assistant B,Completed,5
T39584,Admin Task,High,2025-02-11 12:00:00,156,106,Assistant A,Pending,3
T79718,Data Entry,Low,2025-02-11 16:00:00,104,356,Assistant A,Completed,1
T67566,Customer Complaint,Low,2025-02-11 20:00:00,134,366,Assistant B,In Progress,2
T12040,Email Support,High,2025-02-11 22:00:00,133,82,Assistant A,Completed,1
T24387,Data Entry,Medium,2025-02-12 02:00:00,131,309,Assistant B,Pending,5
T18608,Email Support,Medium,2025-02-12 04:00:00,93,394,Assistant A,In Progress,4
T83054,Admin Task,High,2025-02-12 07:00:00,6,250,Assistant A,Completed,4
T34435,Customer Complaint,Medium,2025-02-12 12:00:00,129,218,Assistant B,In Progress,2
T22710,Data Entry,Low,2025-02-12 16:00:00,184,517,Assistant C,Completed,2
T56811,Email Support,Medium,2025-02-12 18:00:00,14,77,Assistant B,Completed,5
T28255,Admin Task,High,2025-02-12 20:00:00,43,140,Assistant C,Pending,2
T72098,Customer Complaint,Low,2025-02-13 04:00:00,132,547,Assistant B,In Progress,3
T40252,Admin Task,High,2025-02-13 12:00:00,76,382,Assistant B,In Progress,4
T82728,Data Entry,Low,2025-02-13 15:00:00,125,159,Assistant B,Completed,2
T31305,Email Support,Low,2025-02-13 19:00:00,124,164,Assistant B,Completed,2
T52575,Data Entry,Low,2025-02-13 21:00:00,161,430,Assistant B,Completed,5
T25837,Scheduling,Low,2025-02-13 23:00:00,107,346,Assistant A,In Progress,2
T82820,Email Support,Low,2025-02-14 04:00:00,135,368,Assistant B,In Progress,5
T15561,Scheduling,High,2025-02-14 07:00:00,205,52,Assistant A,Completed,5
T33811,Admin Task,Low,2025-02-14 09:00:00,69,502,Assistant B,Completed,2
T42063,Scheduling,High,2025-02-14 10:00:00,130,391,Assistant C,Pending,2
T80638,Data Entry,High,2025-02-14 11:00:00,156,78,Assistant A,Pending,4
T89257,Customer Complaint,Medium,2025-02-14 12:00:00,55,70,Assistant A,Pending,2
T17552,Scheduling,High,2025-02-14 13:00:00,27,484,Assistant B,Completed,4
T81731,Customer Complaint,Medium,2025-02-14 14:00:00,52,11,Assistant C,Pending,5
T29995,Admin Task,Low,2025-02-14 15:00:00,194,10,Assistant A,Completed,3
T57074,Email Support,Low,2025-02-14 16:00:00,180,171,Assistant B,In Progress,3
T39267,Email Support,High,2025-02-14 18:00:00,164,124,Assistant B,Completed,4
T58707,Scheduling,Low,2025-02-14 20:00:00,105,496,Assistant A,Completed,2
T54796,Data Entry,Medium,2025-02-14 22:00:00,215,160,Assistant A,In Progress,4
T86183,Customer Complaint,Medium,2025-02-14 23:00:00,29,105,Assistant A,In Progress,2
T55914,Customer Complaint,Low,2025-02-15 00:00:00,54,519,Assistant A,Pending,1
T83291,Admin Task,High,2025-02-15 02:00:00,218,71,Assistant B,Completed,1
T10841,Email Support,High,2025-02-15 06:00:00,156,501,Assistant B,In Progress,4
T37304,Admin Task,Medium,2025-02-15 09:00:00,181,503,Assistant A,In Progress,2
T83359,Admin Task,Low,2025-02-15 11:00:00,177,428,Assistant B,In Progress,2
T61753,Admin Task,Low,2025-02-15 12:00:00,144,17,Assistant B,Completed,4
T32671,Scheduling,High,2025-02-15 14:00:00,70,30,Assistant B,Completed,3
T63753,Customer Complaint,High,2025-02-15 16:00:00,112,446,Assistant A,Pending,2
T39278,Email Support,Low,2025-02-15 17:00:00,64,152,Assistant A,Completed,3
T46879,Admin Task,Medium,2025-02-15 18:00:00,168,101,Assistant C,Completed,4
T16820,Data Entry,Low,2025-02-15 19:00:00,97,298,Assistant A,Pending,5
T26338,Admin Task,High,2025-02-15 20:00:00,103,248,Assistant C,In Progress,1
T84157,Scheduling,Medium,2025-02-15 23:00:00,225,398,Assistant A,In Progress,1
T96343,Admin Task,Medium,2025-02-16 00:00:00,29,89,Assistant A,Completed,1
T72973,Customer Complaint,Low,2025-02-16 01:00:00,13,191,Assistant C,In Progress,1
T64142,Customer Complaint,Medium,2025-02-16 04:00:00,32,91,Assistant B,Completed,2
T42156,Admin Task,Low,2025-02-16 11:00:00,197,66,Assistant B,Pending,1
T56428,Data Entry,High,2025-02-16 13:00:00,146,414,Assistant A,Pending,2
T79878,Email Support,Low,2025-02-16 17:00:00,164,282,Assistant B,Pending,4
T71928,Admin Task,High,2025-02-16 18:00:00,16,70,Assistant B,Pending,5
T76614,Email Support,High,2025-02-16 19:00:00,67,271,Assistant C,Pending,5
T37722,Customer Complaint,Low,2025-02-16 21:00:00,73,285,Assistant A,Completed,4
T24688,Data Entry,Low,2025-02-17 02:00:00,234,11,Assistant A,Completed,2
T32541,Scheduling,High,2025-02-17 05:00:00,28,575,Assistant A,Completed,5
T32168,Admin Task,Medium,2025-02-17 12:00:00,69,250,Assistant C,Pending,1
T18899,Scheduling,Medium,2025-02-17 14:00:00,99,366,Assistant C,Completed,1
T90449,Customer Complaint,Low,2025-02-17 15:00:00,51,463,Assistant A,Completed,4
T96710,Scheduling,High,2025-02-17 16:00:00,219,431,Assistant A,Pending,2
T64853,Scheduling,Medium,2025-02-17 22:00:00,12,33,Assistant A,In Progress,2
T42191,Admin Task,Low,2025-02-18 04:00:00,60,97,Assistant A,Completed,5
T73649,Scheduling,High,2025-02-18 06:00:00,138,105,Assistant C,In Progress,2
T67583,Scheduling,Low,2025-02-18 09:00:00,96,509,Assistant B,Pending,4
T22964,Data Entry,Medium,2025-02-18 10:00:00,199,391,Assistant C,Pending,4
T16122,Scheduling,Low,2025-02-18 11:00:00,199,84,Assistant A,Pending,1
T74389,Data Entry,Low,2025-02-18 12:00:00,46,444,Assistant B,Pending,5
T76260,Data Entry,Medium,2025-02-18 14:00:00,47,390,Assistant A,Pending,2
T48726,Email Support,Medium,2025-02-18 15:00:00,59,341,Assistant C,Completed,2
T38864,Admin Task,High,2025-02-18 17:00:00,198,141,Assistant B,Completed,2
T39731,Data Entry,Medium,2025-02-19 02:00:00,190,510,Assistant C,Completed,5
T56014,Admin Task,Low,2025-02-19 06:00:00,58,96,Assistant B,In Progress,3
T34380,Data Entry,High,2025-02-19 08:00:00,128,426,Assistant B,In Progress,4
T94773,Scheduling,Medium,2025-02-19 10:00:00,212,283,Assistant A,Completed,3
T22262,Email Support,High,2025-02-19 14:00:00,235,338,Assistant B,In Progress,2
T50380,Scheduling,High,2025-02-19 15:00:00,217,277,Assistant C,Completed,2
T70604,Scheduling,Low,2025-02-19 17:00:00,10,401,Assistant A,In Progress,3
T17245,Scheduling,Medium,2025-02-19 19:00:00,21,423,Assistant A,Completed,1
T28744,Admin Task,Medium,2025-02-19 22:00:00,179,172,Assistant A,In Progress,1
T79334,Email Support,High,2025-02-19 23:00:00,79,12,Assistant B,Pending,1
T84390,Admin Task,Medium,2025-02-20 02:00:00,36,554,Assistant C,In Progress,5
T32559,Scheduling,High,2025-02-20 06:00:00,144,586,Assistant B,Completed,3
T52702,Admin Task,Low,2025-02-20 09:00:00,121,487,Assistant A,Pending,4
T35629,Email Support,Low,2025-02-20 11:00:00,169,280,Assistant C,Pending,4
T34914,Admin Task,Medium,2025-02-20 14:00:00,21,240,Assistant A,Pending,3
T79435,Email Support,High,2025-02-20 23:00:00,103,367,Assistant C,Pending,4
T23305,Customer Complaint,Low,2025-02-21 00:00:00,79,347,Assistant A,Completed,2
T21360,Scheduling,Medium,2025-02-21 02:00:00,164,421,Assistant B,In Progress,1
T45579,Customer Complaint,Medium,2025-02-21 04:00:00,173,14,Assistant B,Pending,4
T89346,Data Entry,Low,2025-02-21 07:00:00,25,122,Assistant A,In Progress,3
T30797,Email Support,Medium,2025-02-21 08:00:00,219,299,Assistant A,Completed,2
T49538,Data Entry,Medium,2025-02-21 10:00:00,123,308,Assistant B,Completed,1
T70862,Customer Complaint,Low,2025-02-21 13:00:00,105,470,Assistant A,In Progress,3
T78424,Admin Task,Medium,2025-02-21 15:00:00,196,469,Assistant A,In Progress,4
T52041,Email Support,Medium,2025-02-21 16:00:00,22,236,Assistant C,In Progress,5
T84308,Customer Complaint,Medium,2025-02-21 17:00:00,38,59,Assistant C,In Progress,3
T48124,Email Support,Low,2025-02-22 04:00:00,229,248,Assistant C,In Progress,3
T54756,Data Entry,Medium,2025-02-22 07:00:00,58,257,Assistant C,Pending,2
T69213,Data Entry,Low,2025-02-22 08:00:00,35,316,Assistant A,In Progress,3
T11479,Email Support,Low,2025-02-22 12:00:00,18,435,Assistant B,Pending,1
T64880,Data Entry,Medium,2025-02-22 14:00:00,5,323,Assistant C,Completed,3
T15753,Data Entry,Low,2025-02-22 16:00:00,160,474,Assistant A,In Progress,4
T46158,Customer Complaint,High,2025-02-22 18:00:00,159,536,Assistant C,Completed,4
T96204,Admin Task,Medium,2025-02-22 20:00:00,160,358,Assistant A,Pending,5
T23750,Customer Complaint,High,2025-02-23 07:00:00,5,292,Assistant B,Completed,1
T62523,Customer Complaint,Medium,2025-02-23 10:00:00,140,143,Assistant B,In Progress,4
T20855,Admin Task,Low,2025-02-23 13:00:00,224,226,Assistant B,Completed,2
T56777,Admin Task,Medium,2025-02-23 14:00:00,28,269,Assistant A,Completed,1
T52144,Data Entry,Medium,2025-02-23 15:00:00,101,34,Assistant C,In Progress,4
T13931,Data Entry,Medium,2025-02-23 19:00:00,6,404,Assistant C,Completed,1
T81111,Email Support,Low,2025-02-23 20:00:00,207,431,Assistant B,Completed,2
T85574,Email Support,Medium,2025-02-24 01:00:00,41,234,Assistant B,Completed,5
T24901,Data Entry,High,2025-02-24 03:00:00,178,253,Assistant C,Pending,3
T85690,Admin Task,Low,2025-02-24 04:00:00,96,64,Assistant A,Pending,3
T91230,Email Support,Low,2025-02-24 08:00:00,215,287,Assistant A,Completed,1
T23711,Email Support,Medium,2025-02-24 12:00:00,90,520,Assistant A,Completed,1
T60028,Admin Task,Medium,2025-02-24 14:00:00,17,172,Assistant B,In Progress,5
T72048,Customer Complaint,Low,2025-02-24 16:00:00,182,95,Assistant C,Pending,1
T83953,Customer Complaint,Low,2025-02-24 17:00:00,182,426,Assistant A,In Progress,3
T35562,Email Support,High,2025-02-24 21:00:00,97,388,Assistant A,Completed,5
T96250,Admin Task,Medium,2025-02-24 23:00:00,131,467,Assistant A,Pending,4
T55294,Data Entry,Medium,2025-02-25 06:00:00,211,549,Assistant B,In Progress,1
T93820,Customer Complaint,Low,2025-02-25 09:00:00,45,147,Assistant A,Pending,4
T97245,Email Support,Low,2025-02-25 16:00:00,97,155,Assistant A,Pending,2
T74991,Customer Complaint,Low,2025-02-25 19:00:00,191,585,Assistant C,Completed,4
T55484,Customer Complaint,Medium,2025-02-25 22:00:00,135,85,Assistant C,Pending,3
T61146,Data Entry,Low,2025-02-25 23:00:00,80,209,Assistant A,In Progress,2
T51147,Email Support,Low,2025-02-26 01:00:00,193,175,Assistant C,In Progress,2
T84077,Data Entry,High,2025-02-26 03:00:00,91,455,Assistant B,Completed,5
T56693,Data Entry,High,2025-02-26 09:00:00,46,371,Assistant C,In Progress,2
T72072,Email Support,Medium,2025-02-26 12:00:00,181,446,Assistant C,Completed,3
T36294,Customer Complaint,High,2025-02-26 13:00:00,87,429,Assistant B,In Progress,3
T35679,Scheduling,Low,2025-02-26 14:00:00,199,495,Assistant C,In Progress,2
T58504,Scheduling,Low,2025-02-26 16:00:00,163,247,Assistant B,Pending,4
T91558,Scheduling,Low,2025-02-26 20:00:00,30,12,Assistant B,Pending,5
T29156,Customer Complaint,High,2025-02-26 22:00:00,7,300,Assistant A,Completed,2
T54775,Customer Complaint,High,2025-02-27 04:00:00,136,516,Assistant A,Completed,4
T46887,Email Support,Medium,2025-02-27 05:00:00,27,373,Assistant C,In Progress,2
T62396,Data Entry,High,2025-02-27 09:00:00,89,161,Assistant B,Completed,2
T88787,Customer Complaint,Medium,2025-02-27 12:00:00,34,148,Assistant C,Pending,5
T16261,Admin Task,High,2025-02-27 13:00:00,13,271,Assistant B,Completed,4
T14075,Data Entry,High,2025-02-27 14:00:00,237,506,Assistant B,In Progress,3
T28276,Scheduling,Low,2025-02-27 15:00:00,73,77,Assistant C,Pending,5
T97744,Data Entry,Low,2025-02-27 19:00:00,5,157,Assistant C,Pending,2
T39525,Email Support,Low,2025-02-27 22:00:00,37,558,Assistant B,Completed,4
T26381,Email Support,Medium,2025-02-27 23:00:00,137,224,Assistant A,In Progress,3
T43531,Data Entry,High,2025-02-28 01:00:00,66,185,Assistant A,Pending,1
T71865,Data Entry,Medium,2025-02-28 09:00:00,171,304,Assistant B,Completed,1
T82543,Admin Task,Medium,2025-02-28 10:00:00,200,360,Assistant C,Completed,5
T70724,Scheduling,Medium,2025-02-28 11:00:00,82,231,Assistant C,Completed,3
T65100,Email Support,Medium,2025-02-28 12:00:00,120,428,Assistant A,In Progress,5
T16333,Customer Complaint,Medium,2025-02-28 13:00:00,137,392,Assistant C,Pending,4
T81985,Admin Task,Medium,2025-02-28 14:00:00,191,459,Assistant B,Pending,2
T16294,Customer Complaint,Medium,2025-02-28 20:00:00,206,512,Assistant C,Completed,1
T81939,Customer Complaint,High,2025-03-01 00:00:00,57,502,Assistant A,Pending,5
T69075,Data Entry,Low,2025-03-01 01:00:00,10,90,Assistant C,In Progress,5
T68872,Data Entry,Medium,2025-03-01 10:00:00,209,117,Assistant A,In Progress,3
T41666,Admin Task,Medium,2025-03-01 11:00:00,46,394,Assistant C,Completed,3
T40468,Customer Complaint,Low,2025-03-01 12:00:00,200,598,Assistant B,Completed,2
T68899,Admin Task,Low,2025-03-01 13:00:00,165,355,Assistant C,Completed,4
T85761,Scheduling,Low,2025-03-01 14:00:00,155,113,Assistant B,Pending,4
T87614,Email Support,Low,2025-03-01 16:00:00,119,314,Assistant A,In Progress,3
T27797,Customer Complaint,High,2025-03-01 20:00:00,155,296,Assistant A,Completed,1
T81042,Admin Task,High,2025-03-01 23:00:00,51,600,Assistant C,In Progress,2
T56517,Customer Complaint,Low,2025-03-02 06:00:00,76,247,Assistant A,Pending,2
T44820,Email Support,Medium,2025-03-02 07:00:00,10,67,Assistant A,In Progress,3
T57819,Customer Complaint,Medium,2025-03-02 13:00:00,11,588,Assistant B,Pending,2
T82504,Scheduling,Low,2025-03-02 15:00:00,192,184,Assistant A,In Progress,3
T57017,Scheduling,Low,2025-03-02 16:00:00,30,343,Assistant A,Pending,4
T36554,Customer Complaint,High,2025-03-02 21:00:00,103,93,Assistant B,Pending,3
T85346,Customer Complaint,Medium,2025-03-02 22:00:00,82,316,Assistant B,Pending,1
T63577,Customer Complaint,Low,2025-03-03 01:00:00,77,596,Assistant B,In Progress,2
T97718,Data Entry,Medium,2025-03-03 03:00:00,34,90,Assistant A,In Progress,2
T54179,Scheduling,Medium,2025-03-03 13:00:00,204,592,Assistant A,Pending,5
T45829,Email Support,Medium,2025-03-03 14:00:00,79,547,Assistant A,In Progress,2
T52948,Email Support,Medium,2025-03-03 17:00:00,118,158,Assistant C,Completed,2
T86202,Email Support,High,2025-03-03 22:00:00,192,157,Assistant C,In Progress,3
T63424,Email Support,Low,2025-03-04 01:00:00,26,591,Assistant C,Pending,5
T48638,Scheduling,Medium,2025-03-04 02:00:00,16,576,Assistant C,In Progress,3
T17263,Admin Task,High,2025-03-04 05:00:00,114,250,Assistant B,In Progress,3
T22240,Data Entry,Low,2025-03-04 07:00:00,156,320,Assistant C,Completed,4
T14713,Admin Task,Medium,2025-03-04 13:00:00,189,429,Assistant C,In Progress,1
T12386,Email Support,Medium,2025-03-04 17:00:00,217,367,Assistant A,In Progress,2
T72350,Email Support,Low,2025-03-04 18:00:00,197,343,Assistant A,In Progress,1
T94785,Customer Complaint,Medium,2025-03-05 06:00:00,238,302,Assistant C,Completed,5
T97906,Admin Task,Medium,2025-03-05 08:00:00,219,581,Assistant C,Pending,2
T94452,Data Entry,Low,2025-03-05 10:00:00,151,276,Assistant C,Completed,1
T41884,Customer Complaint,Low,2025-03-05 23:00:00,64,573,Assistant C,Pending,1
T86553,Data Entry,Medium,2025-03-06 00:00:00,26,197,Assistant C,In Progress,1
T93356,Admin Task,Medium,2025-03-06 02:00:00,107,156,Assistant A,Completed,1
T17504,Customer Complaint,High,2025-03-06 03:00:00,225,140,Assistant A,In Progress,3
T51617,Scheduling,Medium,2025-03-06 04:00:00,187,225,Assistant A,Completed,5
T73060,Scheduling,High,2025-03-06 05:00:00,98,292,Assistant B,In Progress,2
T49368,Scheduling,High,2025-03-06 10:00:00,108,434,Assistant A,Completed,3
T32689,Email Support,Low,2025-03-06 13:00:00,12,515,Assistant B,Completed,3
T79334,Email Support,High,2025-03-06 18:00:00,133,221,Assistant C,Pending,2
T13963,Email Support,Medium,2025-03-06 20:00:00,82,372,Assistant B,In Progress,2
T37579,Email Support,Medium,2025-03-06 22:00:00,94,378,Assistant B,Pending,5
T68758,Scheduling,Medium,2025-03-07 00:00:00,129,326,Assistant C,Pending,3
T17052,Scheduling,High,2025-03-07 04:00:00,12,478,Assistant A,Pending,3
T18609,Email Support,Low,2025-03-07 08:00:00,160,51,Assistant A,Pending,3
T77440,Customer Complaint,Low,2025-03-07 10:00:00,174,155,Assistant C,Pending,2
T49374,Data Entry,High,2025-03-07 11:00:00,136,442,Assistant B,Pending,1
T48215,Scheduling,High,2025-03-07 17:00:00,51,444,Assistant C,In Progress,1
T95643,Customer Complaint,Medium,2025-03-07 19:00:00,236,244,Assistant B,In Progress,4
T32694,Email Support,Low,2025-03-08 01:00:00,240,377,Assistant B,In Progress,5
T19191,Scheduling,Low,2025-03-08 03:00:00,135,157,Assistant A,In Progress,3
T63355,Admin Task,High,2025-03-08 05:00:00,149,251,Assistant B,Completed,1
T50932,Data Entry,High,2025-03-08 08:00:00,83,171,Assistant B,Pending,5
T49263,Data Entry,Medium,2025-03-08 11:00:00,39,503,Assistant C,In Progress,3
T83717,Customer Complaint,Low,2025-03-08 15:00:00,80,27,Assistant B,In Progress,1
T93260,Data Entry,High,2025-03-08 17:00:00,195,202,Assistant B,In Progress,1
T46079,Email Support,Low,2025-03-08 20:00:00,237,81,Assistant A,In Progress,2
T17018,Customer Complaint,Medium,2025-03-08 23:00:00,20,22,Assistant A,Pending,5
T60427,Admin Task,High,2025-03-09 00:00:00,121,221,Assistant C,Completed,5
T51549,Data Entry,Low,2025-03-09 01:00:00,25,116,Assistant B,In Progress,4
T82273,Email Support,Low,2025-03-09 02:00:00,224,482,Assistant B,Completed,5
T89326,Admin Task,Medium,2025-03-09 06:00:00,8,26,Assistant A,Pending,1
T14519,Admin Task,Low,2025-03-09 07:00:00,66,450,Assistant B,In Progress,2
T50907,Admin Task,Medium,2025-03-09 08:00:00,191,344,Assistant A,In Progress,1
T19507,Admin Task,High,2025-03-09 10:00:00,120,127,Assistant B,Pending,5
T17566,Data Entry,High,2025-03-09 12:00:00,25,87,Assistant C,Pending,4
T21827,Data Entry,High,2025-03-09 17:00:00,128,437,Assistant A,In Progress,3
T76864,Data Entry,High,2025-03-10 01:00:00,132,195,Assistant A,Pending,4
T91169,Admin Task,Medium,2025-03-10 02:00:00,49,458,Assistant A,Completed,5
T91414,Scheduling,Medium,2025-03-10 04:00:00,183,86,Assistant B,Pending,2
T59136,Scheduling,Low,2025-03-10 05:00:00,20,451,Assistant A,Pending,1
T79348,Admin Task,Medium,2025-03-10 15:00:00,106,496,Assistant C,Completed,5
T29113,Scheduling,High,2025-03-10 21:00:00,86,326,Assistant A,Completed,5
T92019,Customer Complaint,High,2025-03-11 01:00:00,218,376,Assistant C,Completed,3
T12502,Admin Task,Low,2025-03-11 02:00:00,45,522,Assistant B,Completed,1
T37508,Customer Complaint,Medium,2025-03-11 05:00:00,206,244,Assistant C,In Progress,2
T50301,Customer Complaint,High,2025-03-11 09:00:00,106,366,Assistant B,Completed,3
T28877,Email Support,High,2025-03-11 16:00:00,153,158,Assistant B,In Progress,2
T62737,Scheduling,Medium,2025-03-11 17:00:00,153,248,Assistant C,In Progress,1
T60768,Scheduling,High,2025-03-11 22:00:00,148,240,Assistant C,Pending,1
T90475,Customer Complaint,Medium,2025-03-11 23:00:00,64,513,Assistant B,Completed,2
T85427,Scheduling,Medium,2025-03-12 01:00:00,150,217,Assistant C,In Progress,2
T87781,Customer Complaint,Medium,2025-03-12 03:00:00,111,572,Assistant A,In Progress,1
T92101,Data Entry,High,2025-03-12 04:00:00,74,397,Assistant C,Pending,3
T59953,Customer Complaint,Medium,2025-03-12 08:00:00,121,569,Assistant A,Pending,3
T87956,Email Support,Low,2025-03-12 11:00:00,151,337,Assistant B,In Progress,1
T19624,Scheduling,High,2025-03-12 12:00:00,159,60,Assistant C,Pending,1
T31378,Admin Task,Medium,2025-03-12 14:00:00,22,278,Assistant C,Pending,4
T45112,Customer Complaint,Medium,2025-03-12 19:00:00,103,490,Assistant C,Completed,3
T81415,Scheduling,High,2025-03-12 21:00:00,157,459,Assistant B,Pending,3
T15393,Customer Complaint,Medium,2025-03-13 00:00:00,100,436,Assistant C,Completed,2
T91354,Email Support,Medium,2025-03-13 01:00:00,137,120,Assistant B,In Progress,5
T27958,Admin Task,Low,2025-03-13 02:00:00,222,374,Assistant A,In Progress,1
T73145,Scheduling,High,2025-03-13 06:00:00,27,262,Assistant C,Pending,3
T38345,Data Entry,Low,2025-03-13 07:00:00,120,373,Assistant B,In Progress,3
T58994,Admin Task,Medium,2025-03-13 10:00:00,171,64,Assistant B,Completed,4
T72521,Admin Task,Medium,2025-03-13 12:00:00,210,281,Assistant B,In Progress,5
T58940,Email Support,Medium,2025-03-13 14:00:00,238,253,Assistant B,Completed,4
T12972,Data Entry,High,2025-03-13 16:00:00,121,400,Assistant C,Completed,5
T96265,Admin Task,Low,2025-03-13 21:00:00,107,561,Assistant C,Completed,1
T30688,Email Support,Medium,2025-03-14 04:00:00,12,112,Assistant B,Pending,4
T59581,Scheduling,Medium,2025-03-14 05:00:00,107,137,Assistant B,In Progress,2
T86728,Scheduling,High,2025-03-14 06:00:00,82,213,Assistant C,Pending,3
T71655,Scheduling,High,2025-03-14 10:00:00,201,349,Assistant C,In Progress,4
T74849,Admin Task,Medium,2025-03-14 12:00:00,157,242,Assistant A,Completed,4
T38932,Data Entry,High,2025-03-14 15:00:00,107,343,Assistant C,Pending,3
T29468,Admin Task,Low,2025-03-14 19:00:00,25,567,Assistant B,Completed,3
T18892,Customer Complaint,High,2025-03-14 21:00:00,238,525,Assistant B,Pending,1
T73083,Customer Complaint,Medium,2025-03-14 23:00:00,58,119,Assistant B,In Progress,1
T80387,Scheduling,Medium,2025-03-15 03:00:00,154,176,Assistant C,In Progress,3
T98325,Data Entry,Low,2025-03-15 04:00:00,35,136,Assistant A,In Progress,3
T90670,Data Entry,Medium,2025-03-15 10:00:00,238,589,Assistant B,In Progress,2
T62615,Data Entry,High,2025-03-15 12:00:00,215,341,Assistant B,Pending,4
T96858,Scheduling,High,2025-03-15 13:00:00,222,10,Assistant C,In Progress,5
T90805,Customer Complaint,Low,2025-03-15 14:00:00,155,71,Assistant A,In Progress,4
T69394,Data Entry,Medium,2025-03-15 19:00:00,25,65,Assistant C,Pending,4
T45186,Email Support,Medium,2025-03-16 06:00:00,196,583,Assistant A,In Progress,3
T89036,Scheduling,High,2025-03-16 07:00:00,20,169,Assistant A,Pending,2
T70068,Scheduling,Medium,2025-03-16 08:00:00,150,96,Assistant C,Completed,2
T30366,Data Entry,Medium,2025-03-16 10:00:00,144,213,Assistant A,Pending,5
T83467,Customer Complaint,Low,2025-03-16 13:00:00,100,507,Assistant A,In Progress,1
T65358,Customer Complaint,Medium,2025-03-16 15:00:00,19,422,Assistant B,Completed,2
T52445,Email Support,Medium,2025-03-16 18:00:00,237,163,Assistant C,Pending,2
T39338,Scheduling,Medium,2025-03-16 19:00:00,97,203,Assistant C,Pending,1
T18965,Email Support,High,2025-03-16 21:00:00,101,209,Assistant C,Pending,3
T76324,Scheduling,Medium,2025-03-17 00:00:00,31,258,Assistant B,Completed,1
T91751,Data Entry,Medium,2025-03-17 04:00:00,126,575,Assistant A,Completed,4
T54901,Data Entry,Medium,2025-03-17 07:00:00,22,13,Assistant C,Completed,4
T99230,Data Entry,Medium,2025-03-17 11:00:00,171,209,Assistant C,In Progress,2
T25451,Admin Task,Low,2025-03-17 17:00:00,179,294,Assistant B,Completed,2
T44611,Data Entry,Low,2025-03-17 19:00:00,47,52,Assistant C,In Progress,3
T35024,Data Entry,High,2025-03-17 22:00:00,72,236,Assistant A,Pending,1
T12427,Email Support,High,2025-03-17 23:00:00,22,261,Assistant C,Completed,4
T57894,Email Support,Medium,2025-03-18 04:00:00,38,553,Assistant B,In Progress,1
T33475,Customer Complaint,Low,2025-03-18 06:00:00,189,313,Assistant C,In Progress,1
T19981,Customer Complaint,Medium,2025-03-18 10:00:00,126,448,Assistant A,In Progress,3
T27479,Admin Task,Medium,2025-03-18 12:00:00,202,266,Assistant B,Pending,2
T66478,Data Entry,High,2025-03-18 13:00:00,107,183,Assistant C,In Progress,2
T30098,Scheduling,High,2025-03-18 16:00:00,81,472,Assistant C,Pending,3
T53165,Data Entry,Low,2025-03-18 17:00:00,130,158,Assistant B,In Progress,5
T33607,Scheduling,Medium,2025-03-18 18:00:00,134,278,Assistant B,Completed,4
T12800,Email Support,Low,2025-03-18 19:00:00,23,535,Assistant B,In Progress,4
T49786,Admin Task,Low,2025-03-18 20:00:00,78,522,Assistant C,Pending,1
T33281,Data Entry,High,2025-03-18 21:00:00,123,241,Assistant B,Completed,4
T76869,Email Support,High,2025-03-18 22:00:00,145,599,Assistant C,Pending,1
T44240,Admin Task,Low,2025-03-19 04:00:00,20,432,Assistant B,In Progress,1
T41789,Customer Complaint,High,2025-03-19 07:00:00,182,267,Assistant C,Completed,1
T78115,Email Support,High,2025-03-19 09:00:00,158,89,Assistant C,Completed,2
T44938,Data Entry,Medium,2025-03-19 12:00:00,16,292,Assistant C,Pending,2
T21014,Scheduling,High,2025-03-19 16:00:00,72,171,Assistant A,In Progress,4
T69049,Email Support,Medium,2025-03-19 17:00:00,225,492,Assistant C,Pending,1
T15468,Data Entry,High,2025-03-19 18:00:00,97,360,Assistant C,Pending,3
T41823,Scheduling,Medium,2025-03-19 19:00:00,187,420,Assistant C,Completed,5
T31679,Admin Task,High,2025-03-19 20:00:00,177,422,Assistant A,In Progress,4
T24614,Admin Task,Low,2025-03-19 22:00:00,183,72,Assistant C,Pending,3
T27537,Customer Complaint,Medium,2025-03-20 07:00:00,206,172,Assistant B,In Progress,1
T64369,Admin Task,Low,2025-03-20 11:00:00,177,464,Assistant A,Completed,1
T80790,Data Entry,Medium,2025-03-20 14:00:00,191,378,Assistant A,Pending,2
T34999,Scheduling,Low,2025-03-20 15:00:00,235,353,Assistant A,In Progress,2
T77393,Customer Complaint,Medium,2025-03-20 16:00:00,114,471,Assistant B,Completed,4
T88631,Admin Task,Low,2025-03-20 18:00:00,207,510,Assistant B,Pending,1
T57128,Email Support,High,2025-03-20 21:00:00,42,157,Assistant C,Completed,5
T74318,Admin Task,Medium,2025-03-20 22:00:00,114,213,Assistant C,Completed,4
T38552,Admin Task,Low,2025-03-21 04:00:00,235,219,Assistant B,In Progress,2
T29926,Admin Task,Low,2025-03-21 08:00:00,44,328,Assistant B,Pending,2
T87726,Customer Complaint,Medium,2025-03-21 12:00:00,62,358,Assistant C,Pending,4
T14106,Email Support,Medium,2025-03-21 16:00:00,67,513,Assistant B,Pending,1
T92873,Data Entry,High,2025-03-21 17:00:00,166,185,Assistant A,Completed,2
T92774,Scheduling,Low,2025-03-22 00:00:00,55,174,Assistant B,Completed,3
T43175,Email Support,High,2025-03-22 05:00:00,120,214,Assistant C,Pending,1
T84705,Email Support,Low,2025-03-22 08:00:00,146,479,Assistant C,Pending,1
T86949,Customer Complaint,High,2025-03-22 09:00:00,216,193,Assistant C,In Progress,2
T40003,Customer Complaint,High,2025-03-22 10:00:00,101,130,Assistant B,Completed,2
T95943,Admin Task,High,2025-03-22 12:00:00,176,312,Assistant A,Pending,2
T38542,Email Support,Medium,2025-03-22 20:00:00,31,550,Assistant B,In Progress,4
T75105,Scheduling,Medium,2025-03-23 02:00:00,161,133,Assistant C,In Progress,4
T30351,Email Support,High,2025-03-23 03:00:00,52,105,Assistant C,Completed,5
T59720,Customer Complaint,High,2025-03-23 05:00:00,212,267,Assistant B,In Progress,5
T74333,Scheduling,High,2025-03-23 06:00:00,19,209,Assistant C,Completed,5
T69586,Email Support,Medium,2025-03-23 07:00:00,22,341,Assistant B,In Progress,1
T44105,Admin Task,High,2025-03-23 08:00:00,12,226,Assistant B,In Progress,3
T63119,Scheduling,Medium,2025-03-23 09:00:00,192,459,Assistant B,In Progress,4
T96903,Email Support,High,2025-03-23 12:00:00,168,590,Assistant B,In Progress,5
T41919,Email Support,Medium,2025-03-23 14:00:00,27,511,Assistant C,Pending,4
T92229,Scheduling,Low,2025-03-23 15:00:00,34,571,Assistant A,Pending,3
T32070,Data Entry,High,2025-03-23 16:00:00,229,196,Assistant C,Pending,5
T40727,Customer Complaint,Low,2025-03-23 18:00:00,99,323,Assistant B,Completed,3
T77325,Email Support,Low,2025-03-23 20:00:00,54,477,Assistant A,Pending,5
T82315,Data Entry,Medium,2025-03-23 21:00:00,26,179,Assistant B,Completed,4
T42410,Customer Complaint,Low,2025-03-24 00:00:00,140,168,Assistant C,Completed,2
T84591,Email Support,Low,2025-03-24 03:00:00,79,499,Assistant B,Pending,2
T96644,Data Entry,Low,2025-03-24 06:00:00,146,193,Assistant B,Completed,4
T90829,Data Entry,Low,2025-03-24 07:00:00,17,156,Assistant B,Completed,3
T74219,Data Entry,Medium,2025-03-24 09:00:00,161,414,Assistant A,In Progress,2
T70034,Email Support,High,2025-03-24 10:00:00,144,24,Assistant B,Completed,4
T30383,Admin Task,Low,2025-03-24 12:00:00,104,556,Assistant A,In Progress,4
T59830,Customer Complaint,Low,2025-03-24 13:00:00,68,558,Assistant B,Pending,4
T92046,Data Entry,Low,2025-03-24 16:00:00,21,257,Assistant C,Pending,5
T66029,Data Entry,High,2025-03-24 17:00:00,16,594,Assistant C,In Progress,5
T85643,Customer Complaint,Low,2025-03-24 19:00:00,104,131,Assistant C,Completed,5
T30479,Data Entry,Medium,2025-03-24 20:00:00,47,127,Assistant B,Pending,2
T79321,Admin Task,Low,2025-03-24 23:00:00,14,287,Assistant B,Completed,3
T42662,Email Support,Medium,2025-03-25 00:00:00,175,420,Assistant C,Completed,1
T28247,Data Entry,Low,2025-03-25 06:00:00,173,490,Assistant B,Pending,4
T41953,Scheduling,Medium,2025-03-25 09:00:00,194,84,Assistant A,Pending,2
T61852,Email Support,Low,2025-03-25 11:00:00,118,323,Assistant A,Pending,3
T91872,Email Support,Low,2025-03-25 14:00:00,155,260,Assistant A,Pending,5
T84519,Email Support,Medium,2025-03-25 15:00:00,175,549,Assistant C,In Progress,3
T37935,Data Entry,High,2025-03-25 16:00:00,5,249,Assistant A,Pending,1
T32334,Data Entry,Medium,2025-03-25 21:00:00,203,76,Assistant A,In Progress,1
T89029,Email Support,Medium,2025-03-25 23:00:00,24,277,Assistant A,In Progress,1
T49484,Email Support,Medium,2025-03-26 02:00:00,49,307,Assistant C,Completed,2
T71091,Admin Task,High,2025-03-26 11:00:00,72,58,Assistant B,In Progress,4
T33731,Email Support,Medium,2025-03-26 12:00:00,237,446,Assistant C,Completed,4
T13518,Email Support,Low,2025-03-26 14:00:00,141,371,Assistant B,Completed,4
T55087,Customer Complaint,Medium,2025-03-26 16:00:00,5,62,Assistant A,In Progress,1
T78229,Scheduling,High,2025-03-27 00:00:00,44,381,Assistant B,In Progress,5
T38819,Customer Complaint,High,2025-03-27 01:00:00,7,88,Assistant C,In Progress,2
T18313,Data Entry,Low,2025-03-27 03:00:00,111,53,Assistant A,Pending,5
T26474,Email Support,High,2025-03-27 04:00:00,105,537,Assistant B,Completed,3
T58100,Scheduling,High,2025-03-27 08:00:00,195,411,Assistant B,Pending,4
T20195,Customer Complaint,Low,2025-03-27 10:00:00,8,474,Assistant B,Pending,5
T87687,Scheduling,Low,2025-03-27 12:00:00,12,386,Assistant C,Completed,2
T66540,Data Entry,High,2025-03-27 14:00:00,29,195,Assistant A,In Progress,4
T88118,Email Support,High,2025-03-27 17:00:00,87,361,Assistant C,Completed,3
T35965,Data Entry,Medium,2025-03-27 18:00:00,84,100,Assistant A,Completed,2
T69019,Scheduling,High,2025-03-27 19:00:00,61,112,Assistant C,In Progress,3
T22048,Customer Complaint,High,2025-03-27 23:00:00,103,530,Assistant A,In Progress,5
T34450,Customer Complaint,Medium,2025-03-28 05:00:00,199,343,Assistant A,Pending,4
T17652,Email Support,Medium,2025-03-28 06:00:00,198,199,Assistant C,Completed,1
T71486,Scheduling,Medium,2025-03-28 07:00:00,55,499,Assistant A,Completed,3
T25060,Data Entry,Medium,2025-03-28 08:00:00,31,600,Assistant B,Pending,5
T20718,Data Entry,Medium,2025-03-28 13:00:00,79,269,Assistant B,In Progress,4
T84044,Scheduling,Low,2025-03-28 14:00:00,53,521,Assistant C,Pending,5
T59156,Scheduling,High,2025-03-28 18:00:00,156,407,Assistant A,In Progress,5
T85639,Scheduling,Low,2025-03-28 19:00:00,229,426,Assistant A,Completed,5
T90840,Scheduling,Medium,2025-03-28 22:00:00,216,55,Assistant B,In Progress,5
T35529,Scheduling,High,2025-03-28 23:00:00,51,335,Assistant C,Pending,4
T77381,Customer Complaint,Low,2025-03-29 00:00:00,154,473,Assistant C,Completed,5
T48988,Customer Complaint,High,2025-03-29 01:00:00,214,466,Assistant A,Completed,5
T95456,Scheduling,Low,2025-03-29 02:00:00,27,260,Assistant C,In Progress,2
T50727,Scheduling,High,2025-03-29 03:00:00,181,40,Assistant C,In Progress,1
T85398,Data Entry,Medium,2025-03-29 05:00:00,152,522,Assistant C,In Progress,2
T36013,Customer Complaint,High,2025-03-29 06:00:00,206,411,Assistant B,Completed,2
T42486,Admin Task,Low,2025-03-29 15:00:00,127,54,Assistant B,In Progress,4
T11885,Scheduling,Medium,2025-03-29 17:00:00,177,152,Assistant A,Pending,3
T57241,Scheduling,Low,2025-03-29 20:00:00,30,336,Assistant A,Pending,2
T37785,Admin Task,Medium,2025-03-29 21:00:00,121,276,Assistant A,Completed,3
T45055,Customer Complaint,Medium,2025-03-29 22:00:00,32,188,Assistant A,Pending,1
T57366,Scheduling,Low,2025-03-30 05:00:00,239,241,Assistant C,In Progress,4
T90897,Customer Complaint,Medium,2025-03-30 08:00:00,78,359,Assistant C,Pending,4
T65116,Scheduling,Low,2025-03-30 10:00:00,109,160,Assistant B,Pending,2
T44180,Data Entry,Low,2025-03-30 11:00:00,18,527,Assistant A,Completed,2
T36922,Data Entry,Medium,2025-03-30 14:00:00,187,71,Assistant C,Pending,3
T52843,Email Support,High,2025-03-30 18:00:00,150,459,Assistant B,In Progress,4
T75277,Data Entry,Medium,2025-03-30 19:00:00,144,316,Assistant A,Pending,4
